COL_ID	A_ID	Author_Initials	Title	City	Year	Sovremennik	OZ	CO	MN	Telescope	JMNP	SP	BdCH
COL_1	A-1	А. Я-в	Кривой бес. Русская сказка [Стихотворения]	СПб.	1835	NA	NA	NA	NA	NA	NA	NA	1835. Т. 11. С. 1
COL_2	A-2	Баратынский Е.А.	Сочинения Е. Баратынского	М.	1835	NA	NA	NA	NA	1835. Ч. 27. № 8. С. 123-137. (В. Белинский)	NA	NA	NA
COL_3	A-3	Венгер Н.	Сочинения Николая Венгера в стихах и прозе	М.	1835	NA	NA	NA	NA	NA	NA	NA	NA
COL_4	A-4	Деларю М.Д.	Опыты в стихах Михаила Деларю	СПб.	1835	NA	NA	NA	NA	NA	NA	1835. № 101. 8 мая. С. 401-402	1835. Т. 10. С. 30-31
COL_5	A-5	Зилов А.М.	Стихотворения Алексея Зилова [Тетрадь 1-я]	М.	1835	NA	NA	NA	NA	NA	NA	1835. № 114. 24 мая. С. 453-454	1835. Т. 10. С. 29-30
COL_6	A-6	Кожухов Н.	Переводы с французского прозою, и сочинения в стихах Н. Кожухова	М.	1835	NA	NA	NA	NA	NA	NA	NA	1835. Т. 12. С. 3
COL_7	A-7	Кольцов А.В.	Стихотворения Алексея Кольцова	М.	1835	NA	NA	1836. Ч. 176. № 12. С. 259-272; № 13. С. 309-324 (Я. Неверов)	NA	1835. Ч. 27. С. 470-483. В. Белинский	1836. Ч. 9. № 3. С. 653-658	1835. № 290. 20 дек. С. 1157-1158	NA
COL_8	A-8	Лебедев В.	Осенний вечер	СПб.	1835	NA	NA	NA	NA	NA	NA	1835. № 272. 30 ноя. С. 1085-1087	1835. Т. 13. С. 20-25
COL_9	A-9	Меркли М.М.	Стихотворения Михаила Меркли	М.	1835	NA	NA	NA	NA	NA	1839. Ч. 23. Отд. VI. С. 118	NA	1835. Т. 9. C. 29; 1837. Т. 21. С. 3-4
COL_10	A-10	Мятлев И.П.	Собрание стихотворений	СПб.	1835	NA	NA	NA	NA	NA	NA	NA	1835. Т. 9. С. 23-27
COL_11	A-11	Пушкин А.С.	Стихотворения Александра Пушкина. Ч. 4.	СПб.	1835	NA	NA	NA	NA	NA	NA	NA	1835. Т. 12. С. 17-19
COL_12	A-12	Риль Ю.	Четыре русских песни / С аккомп. ф-п. посвященные Ее Сиятельству Графине Наталье Павловне Строгоновой Ю. Рилем.	СПб.	1835	NA	NA	NA	NA	NA	NA	NA	NA
COL_13	A-13	Геевский С.Л.	Сочинения и переводы в стихах С.Г.	Харьков	1835	NA	NA	NA	NA	NA	NA	NA	NA
COL_14	A-14	Савурский Н.	Весенняя ветка. Стихотворения	СПб.	1835	NA	NA	NA	NA	NA	NA	1835. № 241. 25 окт. С. 961-962	1835. Т. 12. С. 23
COL_15	A-15	Тимофеев А.В.	Песни. В 2 ч.	СПб.	1835	NA	NA	NA	1836. Ч. 6. Кн. 1. С. 90-91. (С. Шевырев)	Молва. 1836. № 2. С. 65-71	NA	1835. № 217. 27 сент. С. 865-867	1835. Т. 12. С. 19-23
COL_16	A-16	Топчибашев М. Д.	На памятник Императору Александру I. Два стихотворения на Персидском и турецком языках Мирзы Джафара Топчибашева	СПб.	1835	NA	NA	NA	NA	NA	NA	NA	1835. Т. 11. С. 2-3
COL_17	NA	NA	Стихотворение на столетие литейного дома с арсенала в Петербурге 1835 года 6 августа	СПб.	1835	NA	NA	NA	NA	NA	NA	NA	NA
COL_18	NA	NA	Шесть лет: Прощальная песнь воспитанников Имп. лицея в Царском селе	СПб.	1835	NA	NA	NA	NA	NA	NA	NA	NA
COL_141	A-17	Цитович Н.Д.	Басни Н. Цитовича	СПб.	1835	NA	NA	NA	NA	NA	NA	NA	1835. Т. 10. С. 32
COL_200	A-18	Бенедиктов В.Г.	Стихотворения Владимира Бенедиктова	СПб.	1835	NA	NA	NA	NA	1835. Ч. 27. № 10.  С. 357-387. В. Белинский	1836. Ч. 9. № 1. С. 192-199	1835. № 240. 24 окт. С. 957-959	1835. Т. 13. С.  1-3
COL_212	A-19	Жуковский В.А.	Стихотворения Василья Жуковского: В 8 ч. / Изд. 4-е.	СПб.	1835	NA	NA	NA	NA	NA	1836. Ч. 9. № 1. С. 180-192	NA	NA
COL_19	A-20	Аполлон де ***	Стихотворения Аполлона де ***	М.	1836	NA	NA	NA	NA	Молва. 1836. № ?. С. 63-64	1838. Ч. 20. № 12. С. 589	NA	1836. Т. 18. С. 8-9
COL_20	NA	NA	Стихотворения Владимира Бенедиктова / изд. 2-е	СПб.	1836	NA	NA	NA	NA	Молва. 1836. №?. С. 211-214	1838. Ч. 20. № 12. С. 589	1836. № 144. 26 июн. С. 573-576	1836. Т. 17. С. 1-2
COL_22	A-5	Зилов А.М.	Стихотворения Алексея Зилова. Тетрадь 2-я	М.	1836	NA	NA	NA	NA	NA	NA	NA	1836. Т. 17. С. 25
COL_23	А-22	NA	Стихотворения Дмитрия Кашкина	М.	1836	NA	NA	NA	NA	NA	NA	NA	1836. Т. 19. С. 37-41
COL_24	А-23	NA	Нравственные результаты XIX века, и стихотворения. Соч. Н. Лаврова	СПб.	1836	NA	NA	NA	NA	NA	NA	1836. № 104. 9 мая. С. 413-414	1836. Т. 16. С. 18-19
COL_25	А-24	NA	Стихотворения Алексея Мейснера	М.	1836	NA	NA	NA	NA	Молва. 1836. Ч. 12. С. 28-30	1838. Ч. 20. № 12. С. 589	1836. № 190. 21 авг. С. 757-759	1836. Т. 18. С. 6-8
COL_26	A-25	Муравьев Н.Н.	Некоторые из забав отдохновения… Ч. 2.	СПб.	1836	NA	NA	NA	NA	NA	NA	NA	NA
COL_27	A-26	Полежаев А.И.	Кальян. Стихотворения Полежаева / Изд. 2	М.	1836	NA	NA	NA	NA	Молва. 1836. № 5. С. 112-114	NA	NA	1836. Т. 15. С.  1-2
COL_28	A-27	Пуговишников А.М.	Песни, романсы и стихотворения А.П. / Изд. 2	М.	1836	NA	NA	NA	NA	Молва. 1836. № 2. С. 64-65	NA	NA	1837. Т. 20. С. 39-40
COL_29	A-28	Суханов М.Д.	Время не праздно. Стихотворения крестьянина М. Суханова	СПб.	1836	NA	NA	NA	NA	NA	1838. Ч. 20. № 12. С. 589	1836. № 148. 2 июл. С. 589	1836. Т. 17. С. 2-3
COL_30	А-28	NA	Мои сельские досуги	СПб.	1836	NA	NA	NA	NA	NA	1838. Ч. 20. № 12. С. 589	1836. № 253. 4 ноя. С. 1009-1010	1836. Т. 19. С. 42
COL_32	A-30	Тепляков В.Г.	Стихотворения Виктора Теплякова. Т. 2.	СПб.	1836	1836. Т. 3. С. 170-186	NA	NA	NA	NA	1838. Ч. 20. № 12. С. 589	NA	1837. Т. 20. С. 2, 29-35
COL_33	A-31	Тростин Х.Д.	Стихотворения Христофора Тростина	М.	1836	NA	NA	NA	NA	Молва. 1836. № ?. С. 87-88	NA	NA	1836. Т. 16. С.  1-2
COL_34	A-32	Цимбалин К.И.	Сказки и басни К. Цымбалина: В 5 кн.	СПб.	1836	NA	NA	NA	NA	Молва. 1836. № ?. С. 87-88	NA	NA	1836. Т. 18. С. 27-30
COL_35	NA	NA	Маскерад. Подарок прекрасному полу на 1837 год	СПб.	1836	NA	NA	NA	NA	NA	NA	1837. № 2. 4 янв. С. 5	1837. Т. 21. С. 7
COL_36	NA	NA	Мечты при луне. Стихотворения	М.	1836	NA	NA	NA	NA	NA	NA	NA	1837. Т. 20. С. 39
COL_37	A-29	Федоров Б.М.	Детский павильон. Книжка, содержащая в себе черты из русской истории, разные повести, разговоры, анекдоты, стихотворения, сказочки и проч., составленная на 1836 год Б. Федоровым / Изд. Брат. Матвея и Михаила Заикиных	СПб.	1836	NA	NA	NA	NA	NA	NA	NA	NA
COL_38	A-33	Кульчицкий А.	Надежда. Собрание сочинений в стихах и прозе / Изд. А. Кульчицкий	Харьков	1836	NA	NA	NA	NA	Молва. 1836. №?. С. 327	NA	NA	1836. Т. 17. С. 25-26
COL_39	NA	NA	Мое новоселье. Альманах на 1836 год, изд. В. Крыловским	СПб.	1836	1836. Т. 1. С. 313-314	NA	NA	NA	NA	NA	1836. № 44. 24 фев. С. 173-175	1836. Т. 15. С. 21-22
COL_41	NA	NA	Сонет на картину К.П. Брюллова	СПб.	1836	NA	NA	NA	NA	NA	NA	NA	NA
COL_142	NA	NA	Куплеты, петые в московском Английском клубе 14 ноября 1836, по случаю праздника, данного членами оного его сиятельству князю Дмитрию Владимировичу Голицыну	М.	1836	NA	NA	NA	NA	NA	NA	NA	NA
COL_143	A-34	Майков М.А.	Басни Михайла Майкова	Ярославль	1836	NA	NA	NA	NA	NA	NA	NA	NA
COL_206	NA	NA	Литературные занятия	СПб.	1836	NA	NA	NA	NA	NA	NA	NA	1836. Т. 16. С. 7-8
COL_213	NA	NA	Глас приветствия сирот своему попечителю отцу	М.	1836	NA	NA	NA	NA	NA	NA	NA	NA
COL_219	NA	NA	Хвалебное приношение веры новопрославленному Святителю Митрофану, Епископу Воронежскому. Стихотворение в пяти песнях	М.	1836	NA	NA	NA	NA	NA	1838. Ч. 20. № 12. С. 589	NA	NA
COL_42	A-36	Бахтурин К.А.	Стихотворения Константина Бахтурина	СПб.	1837	NA	NA	1837. Ч. 187. № 17. С. 114	NA	NA	1839. Ч. 23. Отд. VI. С. 118	1837. № 170. 31 июл. С. 677-680	1837. Т. 24. С. 1-4
COL_43	A-37	Бернет Е.	Стихи Е. Бернета	СПб.	1837	NA	NA	1837. Ч. 187. № 17. С. 110-114	NA	NA	1839. Ч. 23. Отд. VI. С. 118	1837. № 207. 16 сент. С. 825-827	1837. Т. 23. С. 40-42
COL_44	A-38	Бороздна И.П.	Поэтические очерки Украины, Одессы и Крыма: Письма в стихах к гр. В.П. З[авадскому], Ивана Бороздны	М.	1837	NA	NA	1837. Ч. 186. № 15. С. 341-348	NA	NA	NA	1837. № 185. 19 авг. С. 737-740	1837. Т. 24. С. 4-6
COL_45	A-39	Бутырский Н.И.	И моя доля в сонетах. В 2 ч. Соч. Бутырского	СПб.	1837	NA	NA	NA	NA	NA	NA	1837. № 128. 11 июн. С. 505-506	1837. Т. 23. С. 35-40
COL_46	A-40	Быстроглазов А.	Стихотворения А. Быстроглазова. В 2 ч.	СПб.	1837	NA	NA	NA	NA	NA	NA	NA	1836. Т. 19. С. 41-42; Т. 20. С. 38-39
COL_47	A-41	Глинка Ф.Н.	Воспоминание о пиитической жизни Пушкина. Посвящена отцу поэта	М.	1837	NA	NA	NA	NA	NA	1839. Ч. 23. Отд. VI. С. 118	1837. № 100. 7 мая. С. 397	1837. Т. 22. С. 4
COL_48	A-42	Грен Н.	Вечера минувшей осени	СПб.	1837	NA	NA	NA	NA	NA	1839. Ч. 23. Отд. VI. С. 125	1837. № 142. 28 июн. С. 565-567	1837. Т. 22. С. 5-6
COL_49	A-43	Дьячков С.П.	Букет цветов или разные стихотворения, элегические романсы и песни для прекрасных девиц. Соч. С. Дьячковым	СПб.	1837	NA	NA	NA	NA	NA	NA	NA	1837. Т. 25. С. 50-51
COL_50	A-44	Кашаев В.	Стихотворения Виктора Кашаева	М.	1837	NA	NA	NA	NA	NA	NA	1837. № 188. 23 авг. С. 749	1837. Т. 23. С. 47-49
COL_51	A-45	Мартынов А.	Поэтические произведения А. Мартынова. В 3-х кн.	СПб.	1837	NA	NA	NA	NA	NA	NA	NA	1837. Т. 25. С. 46-48
COL_52	A-46	Подолинский А.И.	Повести и мелкие стихотворения А. Подолинского. Ч. 2. Мелкие стихотворения	СПб.	1837	NA	NA	1837. Ч. 188. № 21. С. 60-68	NA	NA	1839. Ч. 23. Отд. VI. С. 118	1837. № 166. 27 июл. С. 661-663	1837. Т. 21. С. 36-39
COL_53	A-47	Скосырев К.	Стихотворения Константина Скосырева	М.	1837	NA	NA	1838. Т. 2. Отд. 4. С. 78	NA	NA	NA	1838. № 5. 7 янв. С. 19	1838. Т. 26. С. 1-2
COL_54	A-48	Смирнова А.	Собрание различных стихотворений. Соч. Анны Смирновой. Изд. 1-е	СПб.	1837	NA	NA	NA	NA	NA	1839. Ч. 23. Отд. VI. С. 118	NA	1837. Т. 25. С. 48-49
COL_55	A-49	Соколовский В.И.	Мироздание [Опыт духовного стихотворения]. Изд. 2-е	СПб.	1837	NA	NA	1837. Ч. 185. № 11. С. 304-318	NA	NA	NA	1837. № 135. 19 июн. С. 537-540	1837. Т. 25. С. 43-46
COL_56	A-15	Тимофеев А.В.	Опыты ч.1-3	СПб.	1837	NA	NA	1837. Ч. 184. № 7. С. 368-376	NA	NA	NA	NA	1837. Т. 21. С. 10-12
COL_57	A-50	Якубович Л.А.	Стихотворения Лукьяна Якубовича	СПб.	1837	NA	NA	1837. Ч. 185. № 9. С. 58-68	NA	NA	1839. Ч. 23. Отд. VI. С. 118	1837. № 93. 29 апр. С. 369-371; № 94. 30 апр. С. 373-375	1837. Т. 23. С. 1-4
COL_58	NA	NA	Стихи на открытие типографии	СПб.	1837	NA	NA	NA	NA	NA	NA	NA	NA
COL_59	A-65	Владиславлев В.А.	Альманах на 1838 год составленный из литературных трудов и проч. Владиславлева	СПб.	1837	1838. Т. 9. С.  85-87	NA	1838. Т. 1. № 2. С. 135-136	NA	NA	NA	1838. № 4. 5 янв. С. 15	1838. Т. 26. С. 44-46
COL_146	A-51	Стромилов С.И.	XII сонетов С. Стромилова	М.	1837	NA	NA	NA	NA	NA	1839. Ч. 23. Отд. VI. С. 118	1838. № 9. 12 янв. С. 34-35	1838. Т. 26. С. 47-48
COL_147	NA	NA	Звезда любви (L’etoile d’amour). Подарок прелестному полу	М.	1837	1838. Т. 11. С. 61-62	NA	1838. Т. 4. Отд. 4. С. 56-57	NA	NA	NA	1838. № 198. С. 791	NA
COL_148	A-52	Громов И.	Мой кальян: Стихотворения И. Громова	М.	1837	NA	NA	NA	NA	NA	NA	1837. № 289. 20 дек. С. 1152	1837. Т. 25. С. 4-6
COL_149	A-53	Пустельгин	Мои пенаты: Стихотворения Пустельгина	СПб.	1837	NA	NA	NA	NA	NA	NA	NA	1837. Т. 22. С. 13
COL_150	A-54	Магденко А.	Стихотворения Андрея Магденки / Изд. 2.	СПб.	1837	NA	NA	NA	NA	NA	NA	NA	1837. Т. 22. С. 13
COL_151	NA	NA	Стихотворения молодого Черкеса	М.	1837	NA	NA	NA	NA	NA	NA	NA	1837. Т. 21. С. 3
COL_152	A-55	Мысовский-Светогорский С.Д.	Элиза: Элегия	М.	1837	NA	NA	NA	NA	NA	1839. Ч. 23. Отд. VI. С. 118	NA	1837. Т. 22. С. 11-12
COL_153	A-56	Петров И.М.	Стихотворения И. Петрова. Книга 1-я, содержащая эпиграммы	М.	1837	NA	NA	NA	NA	NA	NA	NA	1837. Т. 22. С. 11-12
COL_154	A-57	Веревкин Н.Ф.	Солдатские песни первого пехотного корпуса	Вильна	1837	NA	NA	NA	NA	NA	NA	NA	NA
COL_207	A-58	Шаршавый П.Я.	Цевница, на 1837 год. Соч. Шаршавого	СПб.	1837	NA	NA	NA	NA	NA	1839. Ч. 23. Отд. VI. С. 125	1837. № 130. 14 июн. С. 517-519	1837. Т. 23. С. 8-9
COL_209	NA	NA	Старичок-весельчак, рассказывающий давние Московские были	М.	1837	NA	NA	NA	NA	NA	NA	NA	1837. Т. 24. С. 39-42
COL_214	A-59	Орлов А.А.	Померцающая луна или покорения Брамлова. Героическая песнь	М.	1837	NA	NA	NA	NA	NA	NA	NA	NA
COL_221	NA	NA	Минерва, на 1837 год	М.	1837	NA	NA	NA	NA	NA	1839. Ч. 23. Отд. VI. С. 125	NA	1837. Т. 22. С. 5-6
COL_60	A-60	Аладьина Е.В.	Сочинения Е.В.А…	СПб.	1838	NA	1839. Т. 2. № 2. Отд. 7. С. 19-20	NA	NA	NA	NA	NA	NA
COL_61	A-18	Бенедиктов В.Г.	Стихотворения В. Бенедиктова. Кн. 2.	СПб.	1838	1838. Т. 9. С. 87-90	1839. Т. 1. № 1. Отд. 7. С. 14	1838. Т. 2. Отд. 4. С. 86-96	NA	NA	NA	1838. № 14. 18 янв. С. 55	1838. Т. 26. С. 44-46
COL_62	A-61	Бестужев А.А. (Марлинский)	Полное собрание сочинений А. Марлинского. Ч. 11. Стихотворения и полемические статьи / Изд. 3-е	СПб.	1838	NA	NA	NA	NA	NA	NA	1838. № 228. С. 907	NA
COL_63	A-62	Бобылев Н.И.	Невский альбом: Опыты в стихах и прозе	СПб.	1838	1838. Т. 12. С. 70-71	NA	1838. Т. 5. Отд. 4. С. 61-62	NA	NA	NA	NA	NA
COL_64	A-63	Вердеревский А.	Стихотворения Александра Вердеревского	М.	1838	1838. Т. 12. С. 69	NA	1838. Т. 5. Отд. 4. С. 60-61	NA	NA	NA	NA	NA
COL_65	A-64	Веронов	Стихотворения Веронова	СПб.	1838	1839. Т. 14. С. 32-33	NA	1838. Т. 6. № 12. Отд. 4. С. 123-124	NA	NA	NA	NA	1839. Т. 32. С. 1-6
COL_66	A-65	Владиславлев В.А.	Утренняя заря Альманах Владиславлева на 1839 год	СПб.	1838	1839. Т. 13. С. 59-61	1839. Т. 2. № 2. Отд. 7. С. 1-12	1839. Т. 7. № 1. Отд. 4. С. 65-67	NA	NA	NA	1839. № 1. С. 2-3	NA
COL_67	A-66	Демидов М.А.	Разные разности. Стихотворения М. Демидова	М.	1838	1838. Т. 12. С. 69-70	NA	1838. Т. 4. Отд. 4. С. 125	NA	NA	NA	1839. № 159. С. 635	NA
COL_68	A-67	Доброхотов Ф.	Взгляд на поэзию Феофила Доброхотова	М.	1838	1839. Т. 13. С. 69-70	NA	NA	NA	NA	NA	NA	1838. Т. 31. С. 59-60
COL_69	A-68	Долгоруков А.В.	Поэзия Алексея Москвитянина [псевд.]	М.	1838	1838. Т. 12. С. 69-70	NA	1838. Т. 4. Отд. 4. С. 122-125	NA	NA	NA	NA	NA
COL_70	A-69	Карелин И.М.	Весенние мечты: Стихотворения Ильи Карелина	М.	1838	1838. Т. 11. С. 61-62	NA	NA	NA	NA	NA	NA	1838. Т. 29. С. 28
COL_72	A-71	Краснов С.	Стихи. Поэт и Мулла. Соч. Стахия Краснова [от поручика Краснова. 18 стр]	М.	1838	1839. Т. 14. С. 32-33	1839. Т. 2. № 3. Отд. 7. С. 144	NA	NA	NA	NA	NA	NA
COL_73	A-72	Леонов А.А.	Стихотворения А. Леонова. 1834-1838	Харьков	1839	NA	1839. Т. 5. Отд. 7. С. 131	1840. Т. 1. Кн. 3. С. 661-662	NA	NA	NA	NA	1840. Т. 38. С. 31
COL_74	A-73	Максимов М.И.	Патриотические песни: С прил. нот для пения и фортепиано / Соч. Михаила Максимова	СПб.	1838	NA	NA	NA	NA	NA	1838. Ч. 20. № 12. С. 589	1836. № 129. 9 июн. С. 513; 1838. № 277. С. 1106-1107	1836. Т. 17. С. 4; 1838. Т. 31. С. 60 (рец. на третье изд.)
COL_75	A-74	Марков М.А.	Мечты и были	СПб.	1838	1838. Т. 10. С. 61	NA	1838. Т. 2. Отд. 4. С. 163-164	NA	NA	NA	1838. № 93. 27 апр. С. 371	1838. Т. 28. С. 45-51
COL_76	A-75	Анисимова Д.А.	Стихи бедной девицы, слепой дочери деревенского пономаря, сообщенные в Императорскую Российскую Академию, и от ней изданные	СПб.	1838	1838. Т. 12. С. 70	NA	NA	NA	NA	NA	NA	NA
COL_78	A-26	Полежаев А.И.	Арфа: Стихотворения Александра Полежаева	М.	1838	1838. Т. 10. С. 62	NA	NA	NA	NA	NA	1838. № 185. С. 738-739	1838. Т. 28. С. 5-7
COL_79	A-77	Сушков Д.П.	Стихотворения Д. Сушкова	СПб.	1838	1838. Т. 12. С. 67-68	NA	1838. Т. 5. Отд. 4. С. 139-140	NA	NA	NA	1838. № 231. С. 923	1838. Т. 31. С. 1-11
COL_80	A-78	Теплова Н.С.	Стихотворения Н. Тепловой. Изд. 2, умноженное	М.	1838	NA	1839. Т. 1. № 1. Отд. 7. С. 14	NA	NA	NA	NA	1838. № 277. С. 1106-1107	NA
COL_82	A-79	Молчанова В.	Стихотворения, сочиненные девицей B.М.	СПб.	1838	1838. Т. 12. С. 70	NA	NA	NA	NA	NA	NA	NA
COL_83	A-132	М.Д.	И то и се или собрание сочинений в стихах и прозе М.Д.	М.	1838	1839. Т. 13. С. 69-70	NA	NA	NA	NA	NA	NA	1838. Т. 31. С. 59-60
COL_155	NA	NA	Поздравительные стихи за 1838 год гг. Старшинам, Членам и Гостям Немецкого клуба	М.	1838	NA	NA	NA	NA	NA	NA	NA	NA
COL_158	NA	NA	Фантастическое зеркало в шуточно-сатирических стихах. Соч. Г.Б.М.	М.	1838	NA	NA	NA	NA	NA	NA	NA	NA
COL_160	A-80	Дмитриев И.И.	Басни и апологи И.И. Дмитриева	СПб.	1838	NA	NA	NA	NA	NA	NA	NA	NA
COL_161	NA	NA	Любовь к добродетельной деве, или Черты душевной красоты: Стихотворения, писанные в 1822 г.	М.	1838	1838. Т. 10. С. 62-63	NA	NA	NA	NA	NA	1838. № 176. С. 703	1838. Т. 28. С. 39-44
COL_162	A-81	Раевич  И.А.	Плоды вечерних безделок, соч. А. Раевича	М.	1838	1838. Т. 11. С. 61-62	NA	1838. Т. 4. Отд. 4. С. 55	NA	NA	NA	1838. № 198. С. 791	1838. Т. 29. С. 23-27
COL_163	NA	NA	Стихи для конфектов	Вильна	1838	NA	NA	NA	NA	NA	NA	NA	NA
COL_164	A-82	Праволамский П.	Стихотворения П. Праволамского	Ярославль	1838	1839. Т. 14. С. 32-33	1839. Т. 2. № 3. Отд. 7. С. 140-143	NA	NA	NA	NA	NA	NA
COL_165	A-83	Моствило-Головач Т.	Стихотворения П. Моствило-Головача	Смоленск	1838	1838. Т. 12. С. 69-70	NA	NA	NA	NA	NA	NA	NA
COL_166	NA	NA	Стихотворения, посвященные Гроссгейнриху	СПб.	1838	NA	NA	NA	NA	NA	NA	NA	NA
COL_167	NA	NA	К портрету Н.И. Греча	СПб.	1838	NA	NA	NA	NA	NA	NA	NA	NA
COL_168	A-84	Бакунин И.М.	На все время и пора	СПб.	1838	NA	NA	1838. Т. 4. Отд. 4. С. 53-55	NA	NA	NA	NA	NA
COL_169	A-134	Башкатов А.	Быль и заблуждение моего ума и сердца. Соч. Алексея Башкатова, в стихах и прозе	М.	1838	1838. Т. 11. С. 61-62	NA	1838. Т. 4. Отд. 4. С. 122-125	NA	NA	NA	1838. № 169. С. 674-675	NA
COL_172	NA	NA	Детские поздравительные стихотворения	СПб.	1838	1839. Т. 13. С. 69-70	NA	NA	NA	NA	NA	NA	1838. Т. 31. С. 75-76
COL_173	NA	NA	Новые детские поздравления, в стихах, с праздниками. Изд. Л. Жебелева	СПб.	1838	1839. Т. 14. С. 38-40	1839. Т. 2. № 2. Отд. 7. С. 90-91	1839. Т. 7. Отд. 4. № 1. С. 72-73	NA	NA	NA	NA	NA
COL_174	A-27	Пуговишников А.М.	Карманный песенник. Соч. А.П.	М.	1838	NA	1839. Т. 5. Отд. 7. С. 47-48	NA	NA	NA	NA	NA	NA
COL_175	A-85	Волков А.А.	Симонов монастырь: Стихотворение	М.	1838	1839. Т. 14. С. 32-33	NA	NA	NA	NA	NA	NA	NA
COL_203	NA	NA	Памятник дружбы, для любителей альбомов, собранный из образцовых Русских, Немецких, Французских и Английских сочинений в стихах и прозе	СПб.	1838	NA	NA	1838. Т. 4. Отд. 4. С. 126	NA	NA	NA	NA	NA
COL_204	NA	NA	Сборник на 1838 год, составленный из литературных трудов: А.К. Бернета, В.А. Владиславлева, Князя П.А. Вяземского, А.Н. Глинкиной, Ф.Н. Глинки, Е.П. Гребенки, Э.И. Губера, П.И. Каменского, И.И. Козлова, А.В. Козлова, Ф.А. Кони, А.Ф. Кораблинского, Н.В. Кукольника, М.М. Михайлова, Князя В.Ф. Одоевского <и мн. других>	СПб.	1838	1838. Т. 9. С. 85-87	NA	NA	NA	NA	NA	1838. № 76. С. 303-304; № 77. С. 306-307; № 78. С. 310-311	1838. Т. 28. С. 13-15
COL_217	A-86	Барановский В.	Портрет Д. А. И. Р. Л. Соч. Василья Барановского	Одесса	1838	NA	NA	NA	NA	NA	NA	NA	NA
COL_218	A-87	Поднебесный	Тальони-грация. Соч. Поднебесного	СПб.	1838	NA	NA	NA	NA	NA	NA	NA	NA
COL_91	A-91	Богданов Н.	Стихотворения Николая Богданова	М.	1839	1840. Т. 18. С. 134	1840. Т. 8. Отд. 6. С. 10-11	1840. Т. 1. Кн. 2. С. 460	NA	NA	NA	NA	NA
COL_92	A-92	Горчаков В.Н.	Стихотворения Владислава Горчакова	М.	1839	NA	1839. Т. 5. Отд. 7. С. 18-20	NA	NA	NA	NA	NA	1839. Т. 35. С. 7-11
COL_93	A-66	Демидов М.А.	АУ. Стихотворения М. Демидова	М.	1839	1839. Т. 15. С. 61-62	NA	1839. Т. 8. Отд. 4. С. 151-152	NA	NA	NA	1839. № 159. С. 635	NA
COL_94	A-19	Жуковский В.А.	Бородинская годовщина	М.	1839	NA	1839. Т. 6. Отд. 7. С. 1-13	1839. Т. 10. Отд. 4. С. 145-147	NA	NA	NA	NA	NA
COL_96	A-94	Карманов Г.	Стихотворения Г. Карманова	М.	1839	1839. Т. 15. С. 62	1839. Т. 3. № 5. Отд. 7. С. 155	NA	NA	NA	NA	NA	NA
COL_98	A-96	Кульман Е.Б.	Полное собрание Русских, Немецких и Италиянских Стихотворений Елисаветы Кульман. Ч. 3. Пиитические опыты. Изд. 2-е	СПб.	1839	NA	1841. Т. 14. Отд. 6. С. 49	NA	NA	NA	NA	NA	NA
COL_99	A-97	Медведенко Н.	Вандемекум. Стихотворения Н. Медведенко	М.	1839	1840. Т. 17. С. 67	1839. Т. 7. Отд. 7. С. 23-26	1839. Т. 11. Отд. 4. С. 41-42	NA	NA	NA	NA	NA
COL_100	A-55	Мысовский-Светогорский С.Д.	Мысль о бессмертии: [Стихотворение]	СПб.	1839	1839. Т. 15. С. 61-62	1839. Т. 3. № 5. Отд. 7. С. 156	1839. Т. 8. Отд. 4. С. 148-149	NA	NA	NA	1839. № 125. С. 498	NA
COL_104	A-101	Шахова Е.Н.	Стихотворения Елизаветы Шаховой	СПб.	1839	1840. Т. 17. С. 65-67	1839. Т. 6. Отд. 7. С. 148	1839. Т. 11. Отд. 4. С. 38-41	NA	NA	1840. Ч. 25. Отд. VI. С. 118-119, 122-124	1839. № 254. С. 1015	1839. Т. 37. С. 1-2
COL_105	NA	NA	Новогодник, собрание сочинений в прозе и стихах, современных русских писателей изданный Н. Кукольником	СПб.	1839	1839. Т. 15. С. 59-60	1839. Т. 3. № 4. Отд. 7. С. 1-18	1839. Т. 8. Отд. 4. С. 73-78	NA	NA	NA	1839. № 80. С. 318-319	NA
COL_106	NA	NA	Розовый букет, составленный из лучших цветков русской поэзии: Золотой подарок для юных читателей	СПб.	1839	1839. Т. 14. С. 38-40	1839. Т. 2. № 2. Отд. 7. С. 91-92	1839. Т. 7. Отд. 4. С. 70-71	NA	NA	NA	NA	1839. Т. 32. С. 19
COL_107	NA	NA	Стихотворение на 26е декабря 1839 года	СПб.	1839	NA	NA	NA	NA	NA	NA	NA	NA
COL_108	NA	NA	Гробница на востоке: Полуоткрытая тайна: [Стихотворение]	М.	1839	1840. Т. 17. С. 67	1839. Т. 6. Отд. 7. С. 144	1839. Т. 10. Отд. 4. С. 159-160	NA	NA	NA	NA	NA
COL_110	NA	NA	Стихотворение О.И. Сейсровичу 6 февраля 1839 года	СПб.	1839	NA	NA	NA	NA	NA	NA	NA	NA
COL_111	NA	NA	Стихотворение Графу Льву Григорьевичу Салтыкову в день его ангела 20 февраля 1839	СПб.	1839	NA	NA	NA	NA	NA	NA	NA	NA
COL_113	A-95	Струйский Д.Ю.	Мелодии Д.Н. Струйского для тенора с аккомпанементом пиано-форте	СПб.	1839	NA	NA	NA	NA	NA	NA	NA	NA
COL_114	A-102	Мягков Н.	Опыты в стихах Н. Мягкова	СПб.	1839	NA	1839. Т. 5. Отд. 7. С. 14-18	NA	NA	NA	NA	NA	NA
COL_119	NA	NA	Бородинские акростихи	М.	1839	1840. Т. 17. С. 67	NA	1839. Т. 11. Отд. 4. С. 42	NA	NA	NA	NA	NA
COL_176	A-81	Раевич  И.А.	Досужные вечера. Сочинение Ивана Раевича	М.	1839	NA	1839. Т. 4. Отд. 7. С. 106-108	NA	NA	NA	NA	NA	NA
COL_178	A-105	Харинский Х.	Гимн на восшествие Государя Императора Николая 1-го на Всероссийский престол. Написана Хрисанфом Харинским	СПб.	1839	NA	NA	NA	NA	NA	NA	NA	NA
COL_179	NA	NA	Куплеты, петые в день юбилея 50-ти летней службы И.Ф. Крузенштерна 21 января 1839 года	СПб.	1839	NA	NA	NA	NA	NA	NA	NA	NA
COL_180	A-59	Орлов А.А.	Радостная встреча нового 1839 года, благодетельсвующим россиянам. Соч. Александра Орлова	М.	1839	1839. Т. 14. С. 32-33	1839. Т. 2. № 3. Отд. 7. С. 145-148	NA	NA	NA	NA	NA	NA
COL_181	A-106	Шаховской А.А.	В день заложения Храма Спасителя в Москве, 1839 года, 10 сентября. Соч. Шаховского	М.	1839	NA	NA	NA	NA	NA	NA	NA	NA
COL_183	A-107	Яковлев Я.	Двенадцать басен	СПб.	1839	NA	NA	1839. Т. 11. Отд. 4. С. 115	NA	NA	NA	1839. № 71. С. 283	NA
COL_184	A-111	Данков И.И.	Красное яичко, или Светлодневный подарок Москвичам И.Д. С картинкою	М.	1839	1839. Т. 15. С. 62	1839. Т. 3. № 5. Отд. 7. С. 155-156	1840. Т. 2. Кн. 4. С. 850-851	NA	NA	NA	NA	NA
COL_185	A-111	Данков И.И.	Блины. Соч. И. Д.	М.	1839	1839. Т. 14. С. 32-33	1839. Т. 2. № 3. Отд. 7. С. 144-145	NA	NA	NA	NA	NA	NA
COL_201	A-62	Бобылев Н.И.	Невский альбом. Литературный сборник, издаваемый Николаем Бобылевым	СПб.	1839	NA	1839. Т. 5. Отд. 7. С. 10-14	1839. Т. 10. Отд. 4. С. 60-61	NA	NA	NA	1839. № 212. С. 847	1838. Т. 30. С. 21-27
COL_202	NA	NA	Опыты в Русской Словесности воспитанников Гимназии Белорусского Учебного Округа. Напечатанные по приказанию Г. Министра Народного Просвещения	Вильно	1839	NA	1839. Т. 5. Отд. 7. С. 1-10	1839. Т. 10. Отд. 4. С. 59-60	NA	NA	1839. Ч. 22. № 3. С. 74-82	1839. № 183. С. 731	1839. Т. 36. С. 1-15
COL_210	NA	NA	Одесский Альманах, на 1839 год	Одесса	1839	1839. Т. 14. С. 30-31	1839. Т. 3. № 4. Отд. 7. С. 18-22	1839. Т. 8. Отд. 4. С. 78-82	NA	NA	NA	1839. № 67. С. 266-267	NA
COL_211	NA	NA	Одесский Альманах, на 1840 год	Одесса	1839	1840. Т. 18. С. 145	1840. Т. 9. Отд. 6. С. 9-14	1840. Т. 1. Кн. 4. С. 887-894	NA	NA	1840. Ч. 25. Отд. VI. С. 110-113	1840. № 67. С. 266-267	1840. Т. 38. С. 27-29
COL_124	A-109	Анордист Н.	Альманах на 1840 год / Н. Анордиста	М.	1840	1840. Т. 19. С. 145	1840. Т. 10. Отд. 6. С. 10-12	1840. Т. 2. Кн. 4. С. 851-852	NA	NA	NA	NA	NA
COL_125	A-65	Владиславлев В.А.	Утренняя заря Альманах Владиславлева на 1841 год	СПб.	1840	1841. Т. 21. С. 94-95	1841. Т. 14. Отд 6. С. 1-8	NA	NA	NA	NA	1840. № 268. С. 1069	NA
COL_126	A-110	Давыдов Д.В.	Сочинения в стихах и прозе Дениса Давыдова	СПб.	1840	NA	1840. Т. 12. Отд. 6. С. 4-6; Т. 13. Отд. 5. С. 1-22	1840. Т. 4. Кн. 1. С. 163-169	NA	NA	NA	NA	1840. Т. 41. С. 13-17
COL_127	A-111	Данков И.И.	Могила боярина Артамона Сергеевича Матвеева: [Стихотворение]	М.	1840	1840. Т. 19. С. 143	1840. Т. 9. Отд. 6. С. 39	1840. Т. 2. Кн. 3. С. 612-613; СО. 1840. Т. 5. Кн. 19-20. С. 252-253	NA	NA	NA	NA	NA
COL_128	A-66	Демидов М.А.	Дельные безделки: Стихотворения М. Демидова	М.	1840	1840. Т. 20. С. 97-98	1840. Т. 10. Отд. 6. С. 56	1840. Т. 3. Кн. 2. С. 382-384	NA	NA	NA	NA	1840. Т. 40. С. 10-12
COL_129	A-112	Долгоруков А.И.	Мои счастливейшие минуты в жизни: Стихотворения кн. Александра Ивановича Долгорукого	М.	1840	1840. Т. 20. С. 97-98	1840. Т. 10. Отд. 6. С. 52-53	1840. Т. 3. Кн. 2. С. 379-382	NA	NA	NA	NA	1840. Т. 40. С. 9-10
COL_130	A-113	Козлов И.И.	Собрание стихотворений Ивана Козлова	СПб.	1840	NA	NA	NA	NA	NA	NA	NA	NA
COL_131	A-114	Лермонтов М.Ю.	Стихотворения М. Лермонтова	СПб.	1840	1841. Т. 21. С. 98-99	1840. Т. 13. Отд 6. С. 1-6; 1840. Т. 14. Отд. 5. С. 35-	NA	NA	NA	NA	1840. № 284. С. 1134-1135; № 285. С. 1138-1140	1840. Т. 43. С. 1-13
COL_132	A-115	Некрасов Н.А.	Мечты и звуки. Стихотворения Н.Н.	СПб.	1840	1840. Т. 18. С. 133-134	1840. Т. 9. Отд. 6. С. 8-9	1840. Т. 1. Кн. 4. С. 884	NA	NA	1840. Ч. 25. Отд. VI. С. 118-122	1840. № 59. С. 234-235	1840. Т. 38. С. 29-31
COL_133	A-116	Папкевич А.	Стихотворения Александра Папкевича	СПб.	1840	1840. Т. 19. С. 143	1840. Т. 10. Отд. 6. С. 16-17	1840. Т. 2. Кн. 4. С. 849-850	NA	NA	NA	NA	1840. Т. 40. С. 10
COL_134	A-117	Слепушкин Ф.Н.	Новые досуги сельского жителя. Соч. Федора Слепушкина	СПб.	1840	1840. Т. 19. С. 143	1840. Т. 10. Отд. 6. С. 13-16	1840. Т. 2. Кн. 3. С. 611-612	NA	NA	NA	1840. № 135. С. 539	NA
COL_135	A-118	Фет А.А.	Лирический пантеон. А.Ф.	М.	1840	1841. Т. 21. С. 114	1840. Т. 13. Отд. 6. С. 20-42	NA	NA	NA	NA	NA	1841. Т. 44. С. 1-4
COL_136	A-119	Филимонов П.С.	Опыты П.С. Филимонова	М.	1840	1840. Т. 20. С. 97-98	1840. Т. 12. Отд. 6. С. 51	NA	NA	NA	NA	NA	NA
COL_137	A-120	Эртель В.А.	Цветник русской литературы, содержащий в себе избранные образцы из русских классиков, расположенные в систематическом порядке	СПб.	1840	NA	NA	1840. Т. 5. Кн. 3-4. С. 475-479	NA	NA	NA	NA	1840. Т. 43. С. 13
COL_187	NA	NA	Три песни патриота	СПб.	1840	1840. Т. 19. С. 143	1840. Т. 9. Отд. 6. С. 42	NA	NA	NA	NA	NA	NA
COL_188	A-62	Бобылев Н.И.	Невский альбом, издаваемый Николаем Бобылевым. Год второй. Т. 1.	СПб.	1840	1840. Т. 18. С. 145	1840. Т. 9. Отд. 6. С. 14-15	1840. Т. 2. Кн. 1. С. 192-193	NA	NA	NA	1840. № 108. С. 451	NA
COL_190	A-121	Алексеев П.Ф.	Лирические стихотворения и сказки	Дерпт	1840	NA	NA	1840. Т. 2. Кн. 2. С. 403	NA	NA	NA	NA	NA
COL_191	A-122	Саблин Е.И.	Полевой цветок: Стихотворения Евгения Саблина	Ярославль	1840	1840. Т. 20. С. 97-98	1840. Т. 11. Отд. 6. С. 41	NA	NA	NA	NA	NA	NA
COL_192	A-123	Любатевич С.	Стихотворения Спиридона Любатевича	М.	1840	NA	NA	NA	NA	NA	NA	NA	NA
COL_193	A-124	Криксин	Романсы и песни. Соч. Криксина	Киев	1840	NA	NA	NA	NA	NA	NA	NA	NA
COL_194	A-125	Маслеников-Какуев	Стихи тайному советнику М.А. Салтыкову, в день его тезоименинства. Соч. Масленикова-Какуева	М.	1840	NA	NA	NA	NA	NA	NA	NA	NA
COL_195	A-126	Рыбников	Стихи Директору Московской Практической Академии Статскому Советнику А.И. Шредеру. Соч. Рыбникова	М.	1840	NA	NA	NA	NA	NA	NA	NA	NA
COL_196	NA	NA	Стихи господам членам Немецкого клуба на 1840 год	М.	1840	NA	NA	NA	NA	NA	NA	NA	NA
COL_197	A-59	Орлов А.А.	С радостными чувствами благоговения, жданный 1840 год. Соч. Александра Орлова	М.	1840	NA	NA	NA	NA	NA	NA	NA	NA
COL_198	A-127	Ободовский П.Г.	Царский цветник. На русском и немецком языках	СПб.	1840	NA	NA	NA	NA	NA	NA	NA	NA
COL_205	A-65	Владиславлев В.А.	Утренняя заря Альманах Владиславлева на 1840 год	СПб.	1840	1840. Т. 17. С. 68-69	1839. Т. 7. Отд. 7. С. 3-15	1840. Т. 1. Кн. 1. С. 171-173	NA	NA	1840. Ч. 25. Отд. VI. С. 106-110	1840. № 23. С. 91	1840. Т. 38. С. 1-5
COL_215	NA	NA	Песнь русского барда	М.	1840	NA	1840. Т. 13. Отд. 6. С. 28	NA	NA	NA	NA	NA	NA
COL_216	A-129	Васильев М.	Провинциал в Москве, или послание к друзьям моим, в стихах. Соч. крестьянина Васильева	М.	1840	NA	NA	NA	NA	NA	NA	NA	NA
COL_182	A-5	Зилов А.М.	Басни Алексея Зилова	М.	1835	NA	NA	NA	NA	NA	NA	NA	1835. Т. 10. С. 8-9
COL_222	A-135	Ушаков А.А.	Рукописи из зеленого портфеля	М.	1836	NA	NA	NA	NA	NA	1838. Ч. 20. № 12. С. 589	NA	1837. Т. 20. С. 37-38
COL_229	NA	NA	Российская хрестоматия, или Отборные сочинения отечественных писателей в стихах и прозе: В 2 ч. Изд. 2-е	СПб.	1837	NA	NA	NA	NA	NA	NA	NA	1837. Т. 24. С. 47-49
COL_224	A-101	Шахова Е.Н.	Опыты в стихах пятнадцатилетней девицы Шаховой	СПб.	1837	NA	NA	NA	NA	NA	1839. Ч. 23. Отд. VI. С. 118	1837. № 214. 24 сент. С. 853-854	1837. Т. 25. С. 48
COL_225	A-103	Олин В.Н.	Странный бал. Повесть из рассказов на станции, и восемь стихотворений. Сочинение В. Олина	СПб.	1838	NA	NA	NA	NA	NA	NA	1838. № 44. 22 фев. С. 167	1838. Т. 28. С. 21-22
COL_228	A-108	Глухарев И.Н.	Венок граций. Подарок любителям и любительницам пения и романсов, или Собрание разных стихов лучших и известных сочинителей, как то, А. Пушкина, И. Козлова, Г. Баратынского, и прочая. Собранные И… Г.л.у…вым	М.	1838	NA	NA	NA	NA	NA	NA	NA	1838. Т. 29. С. 23-24
COL_226	A-27	Пуговишников А.М.	Романсы, песни и стихотворения, или Подарок на новый год любителям и любительницам пения. Сочинение А.П.	М.	1838	1838. Т. 11. С. 61-62	NA	NA	NA	NA	NA	NA	1838. Т. 29. С. 27-28
COL_227	NA	NA	Детский альбом на 1839 год, собрание стихотворений, повестей, рассказов и драматических разговоров, составленное А. Поповым. Год второй.	СПб.	1839	NA	1839. Т. 2. Отд. 7. С. 89-90	1839. Т. 7. Отд. 4. С. 70-71	NA	NA	NA	NA	1839. Т. 32. С. 19
COL_231	NA	NA	Разные стихотворения	М.	1837	NA	NA	NA	NA	NA	NA	NA	NA
COL_237	NA	NA	Собрание стихов для конфект (печ. лист)	М.	1837	NA	NA	NA	NA	NA	NA	NA	NA
COL_238	NA	NA	Речи и стихи, произнесенные в торжественном собрании Ярославского  Демидовского лицея 15 января 1838 года	М.	1838	NA	NA	NA	NA	NA	NA	NA	NA
COL_239	NA	NA	Послание к О. Иоанну, в г. Новоалександровск	СПб.	1838	NA	NA	NA	NA	NA	NA	NA	NA
COL_240	NA	NA	Три безделки	М.	1838	NA	NA	1838. Т. 4. Отд. 4. С. 126-127	NA	NA	NA	NA	NA
COL_232	A-41	Глинка Ф.Н.	1812 год. Отрывок из рассказа. Посвящено людям XII года. Ф.Н. Глинки	М.	1839	NA	NA	1839. Т. 10. Отд. 4. С. 145-147	NA	NA	NA	NA	NA
COL_233	A-104	Максимович М.	Киевлянин на 1840 год. Книга I. Изд. Михаил Максимович	Киев	1840	1840. Т. 19. С. 143-144	1840. Т. 10. Отд. 6. С. 8-9	1840. Т. 2. Кн. 4. С. 833-836	NA	NA	NA	NA	NA
COL_241	NA	NA	Гостинец милым малюткам на новый год, или собрание нравоучительных детских басен и сказов с картинками	М.	1839	NA	1839. Т. 3. № 5. Отд. 7. С. 175	NA	NA	NA	NA	NA	NA
